Reino Unido;Pib Pc;IPC Armonizado;Desempleo Armonizado;Tipo de cambio;Asientos ofertados;IPC España Armonizado;Llegadas a AGP Reino Unido;Mortalidad;Indice del consumidor;Búsquedas hacia AGP total;Búsquedas hacia AGP  3 meses;Búsquedas hacia AGP 6 meses;Fecha
377270.0;7511.326148381234;1.6;4.7;1.4331;-1;81.16;133857.0;0.0;-10.5;0;0;0;2005-01
389130.0;7511.326148381234;1.7;4.7;1.4499;-1;81.35;148044.0;0.0;-4.7;0;0;0;2005-02
462764.0;7511.326148381234;1.9;4.7;1.444;-1;82.07;199454.0;0.0;-2.2;0;0;0;2005-03
490737.0;7573.779283700775;1.9;4.8;1.4652;-1;83.24;212029.0;0.0;-6.0;0;0;0;2005-04
549637.0;7573.779283700775;1.9;4.8;1.4611;-1;83.37;261106.0;0.0;-10.2;0;0;0;2005-05
587254.0;7573.779283700775;2.0;4.8;1.4952;-1;83.63;264593.0;0.0;-12.7;0;0;0;2005-06
565255.0;7633.004652948936;2.3;4.7;1.4547;-1;83.11;301378.0;0.0;-10.8;0;0;0;2005-07
554929.0;7633.004652948936;2.4;4.7;1.4592;-1;83.5;273668.0;0.0;-11.0;0;0;0;2005-08
607012.0;7633.004652948936;2.5;4.7;1.4761;-1;84.02;264298.0;0.0;-12.9;0;0;0;2005-09
545869.0;7704.445875328777;2.3;5.1;1.4674;-1;84.67;243321.0;0.0;-14.8;0;0;0;2005-10
351318.0;7704.445875328777;2.1;5.1;1.4719;-1;84.8;140857.0;0.0;-15.2;0;0;0;2005-11
284268.0;7704.445875328777;1.9;5.1;1.4725;-1;84.99;138141.0;0.0;-16.0;0;0;0;2005-12
322532.0;7691.308643680201;1.9;5.2;1.4582;-1;84.6;126794.0;50305.0;-14.6;0;0;0;2006-01
330392.0;7691.308643680201;2.0;5.2;1.4637;-1;84.66;145276.0;44669.0;-13.0;0;0;0;2006-02
467515.0;7691.308643680201;1.8;5.2;1.45;-1;85.26;183647.0;44358.0;-16.9;0;0;0;2006-03
432266.0;7721.147317560758;2.0;5.5;1.4402;-1;86.49;220536.0;41416.0;-18.4;0;0;0;2006-04
557104.0;7721.147317560758;2.2;5.5;1.4637;-1;86.8;251352.0;41579.0;-20.1;0;0;0;2006-05
613786.0;7721.147317560758;2.5;5.5;1.456;-1;86.94;258946.0;38028.0;-20.0;0;0;0;2006-06
583469.0;7741.911088971856;2.4;5.5;1.454;-1;86.45;295349.0;39729.0;-15.8;0;0;0;2006-07
526061.0;7741.911088971856;2.5;5.5;1.4785;-1;86.65;271614.0;39048.0;-20.1;0;0;0;2006-08
604506.0;7741.911088971856;2.4;5.5;1.4811;-1;86.48;261391.0;35215.0;-18.7;0;0;0;2006-09
546459.0;7782.254948863253;2.4;5.5;1.4869;-1;86.84;231830.0;42935.0;-12.9;0;0;0;2006-10
364414.0;7782.254948863253;2.7;5.5;1.4834;-1;87.05;138715.0;42832.0;-17.2;0;0;0;2006-11
327329.0;7782.254948863253;3.0;5.5;1.486;-1;87.3;136263.0;43938.0;-16.2;0;0;0;2006-12
357925.0;7792.400736475258;2.7;5.5;1.5079;-1;86.67;119222.0;50305.0;-19.6;0;0;0;2007-01
356258.0;7792.400736475258;2.8;5.5;1.4969;-1;86.73;136083.0;44669.0;-20.3;0;0;0;2007-02
447001.0;7792.400736475258;3.1;5.5;1.4703;-1;87.4;185480.0;44358.0;-18.8;0;0;0;2007-03
449467.0;7849.332426601173;2.8;5.4;1.4713;-1;88.64;205276.0;41416.0;-18.8;0;0;0;2007-04
566389.0;7849.332426601173;2.5;5.4;1.4677;-1;88.89;252961.0;41579.0;-13.1;0;0;0;2007-05
628052.0;7849.332426601173;2.4;5.4;1.4805;-1;89.06;265729.0;38028.0;-12.4;0;0;0;2007-06
615578.0;7902.007694176855;1.9;5.3;1.4821;-1;88.44;298901.0;39729.0;-13.9;0;0;0;2007-07
567561.0;7902.007694176855;1.8;5.3;1.4762;-1;88.59;285776.0;39048.0;-12.6;0;0;0;2007-08
672985.0;7902.007694176855;1.8;5.3;1.4515;-1;88.85;274996.0;35215.0;-14.9;0;0;0;2007-09
619470.0;7948.795725964666;2.1;5.2;1.437;-1;90.0;228769.0;42935.0;-15.3;0;0;0;2007-10
350701.0;7948.795725964666;2.1;5.2;1.4106;-1;90.65;138363.0;42832.0;-17.8;0;0;0;2007-11
310979.0;7948.795725964666;2.1;5.2;1.3863;-1;91.04;139074.0;43938.0;-21.5;0;0;0;2007-12
339097.0;7922.24030227841;2.2;5.2;1.3383;0;90.46;116786.0;52057.0;-23.0;0;0;0;2008-01
389295.0;7922.24030227841;2.5;5.2;1.3316;0;90.59;141966.0;42338.0;-26.1;0;0;0;2008-02
417404.0;7922.24030227841;2.5;5.2;1.2897;0;91.41;184524.0;41999.0;-27.7;0;0;0;2008-03
502480.0;7883.468825921409;3.0;5.4;1.258;0;92.4;205536.0;46016.0;-34.2;0;0;0;2008-04
672848.0;7883.468825921409;3.3;5.4;1.2633;0;93.04;262916.0;39240.0;-37.4;0;0;0;2008-05
710454.0;7883.468825921409;3.8;5.4;1.2636;0;93.58;269073.0;37845.0;-43.0;0;0;0;2008-06
714912.0;7761.929871667546;4.4;5.9;1.2615;0;93.15;300212.0;40084.0;-50.1;0;0;0;2008-07
628895.0;7761.929871667546;4.7;5.9;1.2614;324058;92.97;299030.0;34980.0;-44.1;0;0;0;2008-08
743575.0;7761.929871667546;5.2;5.9;1.2531;292904;92.92;262277.0;39238.0;-39.0;0;0;0;2008-09
661502.0;7597.300715905525;4.5;6.4;1.2718;270172;93.24;231062.0;42195.0;-38.7;0;0;0;2008-10
355226.0;7597.300715905525;4.1;6.4;1.2041;171909;92.83;129969.0;39504.0;-35.8;0;0;0;2008-11
290888.0;7597.300715905525;3.1;6.4;1.1043;160528;92.36;127002.0;53594.0;-40.3;0;0;0;2008-12
273964.0;7389.998474152954;3.0;7.1;1.0919;150381;91.19;101180.0;55045.0;-46.9;0;0;0;2009-01
288245.0;7389.998474152954;3.2;7.1;1.1264;142633;91.21;115612.0;41433.0;-40.9;0;0;0;2009-02
384919.0;7389.998474152954;2.9;7.1;1.0867;176980;91.36;157282.0;42395.0;-32.8;0;0;0;2009-03
419849.0;7365.809783088796;2.3;7.8;1.1157;236801;92.26;200652.0;40270.0;-19.4;0;0;0;2009-04
539108.0;7365.809783088796;2.2;7.8;1.1295;284106;92.22;246859.0;36568.0;-20.8;0;0;0;2009-05
573843.0;7365.809783088796;1.8;7.8;1.1682;286080;92.68;246415.0;38851.0;-11.9;0;0;0;2009-06
563900.0;7370.242770295773;1.8;7.8;1.1622;312058;91.92;291519.0;37975.0;-9.7;0;0;0;2009-07
537537.0;7370.242770295773;1.6;7.8;1.1597;323028;92.29;293196.0;33606.0;-8.4;0;0;0;2009-08
588111.0;7370.242770295773;1.1;7.8;1.1212;294608;92.06;252838.0;39127.0;2.3;0;0;0;2009-09
565726.0;7392.1346600171855;1.5;7.8;1.0928;275227;92.71;219227.0;40187.0;0.8;0;0;0;2009-10
270882.0;7392.1346600171855;1.9;7.8;1.1126;163827;93.21;117363.0;40122.0;2.9;0;0;0;2009-11
218156.0;7392.1346600171855;2.9;7.8;1.1127;155999;93.19;120509.0;45769.0;-0.7;0;0;0;2009-12
205350.0;7401.95508249747;3.5;8.0;1.1327;143024;91.82;92011.0;48363.0;4.4;0;0;0;2010-01
214094.0;7401.95508249747;3.0;8.0;1.1415;103525;91.61;108327.0;41048.0;8.6;0;0;0;2010-02
292118.0;7401.95508249747;3.4;8.0;1.1092;130633;93.8;145592.0;45138.0;4.7;0;0;0;2010-03
347661.0;7482.628128012492;3.7;7.9;1.1436;242753;94.46;158830.0;40584.0;1.7;0;0;0;2010-04
438354.0;7482.628128012492;3.4;7.9;1.1685;263501;94.49;216492.0;36517.0;-6.2;0;0;0;2010-05
474910.0;7482.628128012492;3.2;7.9;1.2082;260986;94.6;227312.0;40168.0;-9.4;0;0;0;2010-06
454907.0;7523.944582095141;3.1;7.8;1.1959;289597;93.54;268341.0;36888.0;-18.3;0;0;0;2010-07
440026.0;7523.944582095141;3.1;7.8;1.2132;291716;93.75;267637.0;36083.0;-10.3;0;0;0;2010-08
500739.0;7523.944582095141;3.1;7.8;1.1901;264038;94.61;231990.0;39423.0;-17.7;0;0;0;2010-09
441791.0;7530.525259124117;3.2;7.9;1.1412;253855;95.03;208336.0;38613.0;-19.9;0;0;0;2010-10
236056.0;7530.525259124117;3.3;7.9;1.1701;138082;95.33;104490.0;42123.0;-21.9;0;0;0;2010-11
181093.0;7530.525259124117;3.7;7.9;1.1802;140249;95.86;98128.0;48294.0;-19.3;0;0;0;2010-12
178366.0;7487.05461475134;4.0;7.8;1.1817;135325;94.6;89280.0;49992.0;-25.9;0;0;0;2011-01
215016.0;7487.05461475134;4.4;7.8;1.1815;125547;94.7;103200.0;39350.0;-30.0;0;0;0;2011-02
289107.0;7487.05461475134;4.0;7.8;1.1527;159149;96.93;138108.0;44209.0;-29.2;0;0;0;2011-03
411371.0;7495.68223799915;4.5;7.9;1.1331;252124;97.78;214883.0;36943.0;-33.3;0;0;0;2011-04
491674.0;7495.68223799915;4.5;7.9;1.1403;275292;97.66;228528.0;40100.0;-19.5;0;0;0;2011-05
528593.0;7495.68223799915;4.2;7.9;1.1261;276395;97.48;237195.0;40000.0;-22.0;0;0;0;2011-06
508695.0;7518.562821264405;4.4;8.3;1.1308;297968;96.34;278729.0;35646.0;-24.5;0;0;0;2011-07
462383.0;7518.562821264405;4.5;8.3;1.1422;302150;96.31;278744.0;38383.0;-29.9;0;0;0;2011-08
576437.0;7518.562821264405;5.2;8.3;1.147;283194;97.46;253073.0;38358.0;-30.0;0;0;0;2011-09
503542.0;7529.0866254458;5.0;8.4;1.1487;266411;97.87;214646.0;37200.0;-34.4;0;0;0;2011-10
255082.0;7529.0866254458;4.8;8.4;1.1659;116453;98.09;92043.0;40624.0;-34.9;0;0;0;2011-11
186736.0;7529.0866254458;4.2;8.4;1.1843;115462;98.11;97301.0;43562.0;-38.1;0;0;0;2011-12
180569.0;7544.651126285221;3.6;8.2;1.2034;97362;96.48;79857.0;46897.0;-30.0;0;0;0;2012-01
226411.0;7544.651126285221;3.4;8.2;1.1941;103623;96.51;91499.0;44537.0;-28.6;0;0;0;2012-02
316464.0;7544.651126285221;3.5;8.2;1.1981;144536;98.64;135316.0;44142.0;-29.9;0;0;0;2012-03
386359.0;7534.40075347304;3.0;8.0;1.2161;225941;99.71;191181.0;41685.0;-35.0;0;0;0;2012-04
534828.0;7534.40075347304;2.8;8.0;1.244;243423;99.5;226895.0;44008.0;-30.5;0;0;0;2012-05
639172.0;7534.40075347304;2.4;8.0;1.2416;263931;99.26;248865.0;36680.0;-33.5;0;0;0;2012-06
600600.0;7606.608586453182;2.6;7.9;1.2688;278420;98.42;273698.0;39293.0;-27.6;0;0;0;2012-07
585349.0;7606.608586453182;2.5;7.9;1.2676;286609;98.92;270923.0;39035.0;-26.7;0;0;0;2012-08
658818.0;7606.608586453182;2.2;7.9;1.2524;265282;100.83;247243.0;35216.0;-30.2;0;0;0;2012-09
573984.0;7598.132014755513;2.7;7.8;1.2393;233760;101.29;207289.0;43169.0;-30.7;0;0;0;2012-10
251368.0;7598.132014755513;2.7;7.8;1.244;117983;101.05;91821.0;42124.0;-17.9;0;0;0;2012-11
177796.0;7598.132014755513;2.7;7.8;1.231;104848;101.06;91280.0;42545.0;-26.3;0;0;0;2012-12
186877.0;7572.009977271912;2.7;7.8;1.2;101045;99.22;79504.0;52898.0;-21.0;0;0;0;2013-01
235243.0;7572.009977271912;2.8;7.8;1.1594;100928;99.31;90447.0;43778.0;-23.4;0;0;0;2013-02
348144.0;7572.009977271912;2.8;7.8;1.1634;152009;101.16;139025.0;44915.0;-26.0;0;0;0;2013-03
452885.0;7626.934890345165;2.4;7.7;1.175;231371;101.23;192036.0;49735.0;-25.4;0;0;0;2013-04
640903.0;7626.934890345165;2.7;7.7;1.1777;270311;101.33;245789.0;42273.0;-22.3;0;0;0;2013-05
668302.0;7626.934890345165;2.9;7.7;1.174;277404;101.44;251844.0;35866.0;-18.4;0;0;0;2013-06
655719.0;7690.454982942235;2.8;7.6;1.16;294650;100.29;274981.0;39806.0;-7.6;0;0;0;2013-07
601434.0;7690.454982942235;2.7;7.6;1.1649;309940;100.54;277511.0;35691.0;-2.5;0;0;0;2013-08
682683.0;7690.454982942235;2.7;7.6;1.1883;278469;101.32;250786.0;36775.0;0.1;0;0;0;2013-09
646772.0;7744.490739513023;2.2;7.2;1.1797;262370;101.34;217463.0;42322.0;-1.5;0;0;0;2013-10
246978.0;7744.490739513023;2.1;7.2;1.1938;134409;101.35;99255.0;39941.0;-2.7;0;0;0;2013-11
191843.0;7744.490739513023;2.0;7.2;1.1947;119480;101.37;101238.0;42790.0;2.5;0;0;0;2013-12
182951.0;7748.866816932108;1.9;6.8;1.2097;106476;99.49;82243.0;49026.0;5.9;0;0;0;2014-01
259340.0;7748.866816932108;1.7;6.8;1.2122;106810;99.36;96034.0;41199.0;4.9;0;0;0;2014-02
344835.0;7748.866816932108;1.6;6.8;1.2021;144966;100.94;138525.0;41217.0;8.1;0;0;0;2014-03
520189.0;7816.780397790602;1.8;6.3;1.2125;249734;101.57;222795.0;41487.0;11.2;0;0;0;2014-04
661513.0;7816.780397790602;1.5;6.3;1.2267;270103;101.54;255979.0;39422.0;9.6;0;0;0;2014-05
687388.0;7816.780397790602;1.9;6.3;1.2436;271276;101.49;256473.0;38505.0;12.2;0;0;0;2014-06
659010.0;7875.637802491764;1.6;6.0;1.2611;292833;99.93;285042.0;41244.0;10.7;0;0;0;2014-07
633388.0;7875.637802491764;1.5;6.0;1.2542;304944;100.02;288185.0;35959.0;10.6;0;0;0;2014-08
736885.0;7875.637802491764;1.2;6.0;1.2639;272099;101.04;255308.0;40979.0;3.7;0;0;0;2014-09
662915.0;7931.259752805093;1.3;5.7;1.2678;248716;101.12;220673.0;43159.0;3.9;0;0;0;2014-10
290797.0;7931.259752805093;1.0;5.7;1.2646;129638;100.88;101940.0;39457.0;0.4;0;0;0;2014-11
241301.0;7931.259752805093;0.5;5.7;1.2686;115038;100.22;103257.0;49770.0;2.6;0;0;0;2014-12
227736.0;7892.0288742128705;0.3;5.5;1.3045;106417;98.04;88072.0;60891.0;2.2;0;0;0;2015-01
259443.0;7892.0288742128705;0.0;5.5;1.3503;104122;98.18;98621.0;46721.0;4.2;0;0;0;2015-02
361207.0;7892.0288742128705;0.0;5.5;1.3825;137910;100.15;137061.0;47895.0;7.0;0;0;0;2015-03
566555.0;7938.504070035325;-0.1;5.6;1.3856;234873;100.83;214474.0;45178.0;6.7;0;0;0;2015-04
737225.0;7938.504070035325;0.1;5.6;1.3852;267336;101.27;261449.0;39343.0;-3.3;0;0;0;2015-05
746603.0;7938.504070035325;0.0;5.6;1.3879;264364;101.46;259822.0;42082.0;0.6;0;0;0;2015-06
770745.0;7969.820304100753;0.1;5.3;1.4139;283156;99.9;285807.0;40512.0;-1.6;0;0;0;2015-07
744010.0;7969.820304100753;0.0;5.3;1.4004;300482;99.5;293476.0;36199.0;-1.1;0;0;0;2015-08
850408.0;7969.820304100753;-0.1;5.3;1.3665;266765;99.9;258931.0;41573.0;-4.8;0;0;0;2015-09
764874.0;8015.972968821993;-0.1;5.1;1.3657;253625;100.21;228797.0;42232.0;-3.9;0;0;0;2015-10
347490.0;8015.972968821993;0.1;5.1;1.4168;128781;100.47;107329.0;41520.0;-7.7;0;0;0;2015-11
275489.0;8015.972968821993;0.2;5.1;1.3769;122200;100.09;111491.0;45509.0;-1.4;0;0;0;2015-12
275124.0;7979.103736437155;0.3;5.1;1.3257;119026;97.63;98894.0;47457.0;-3.8;0;0;0;2016-01
303566.0;7979.103736437155;0.3;5.1;1.289;121506;97.21;114480.0;46021.0;-10.7;0;0;0;2016-02
440536.0;7979.103736437155;0.5;5.1;1.2809;173644;99.16;168786.0;48665.0;-10.6;0;0;0;2016-03
642890.0;8023.842274186153;0.3;4.9;1.2622;252304;99.65;229992.0;46856.0;-12.5;0;0;0;2016-04
780267.0;8023.842274186153;0.3;4.9;1.2846;302742;100.17;292887.0;41384.0;-14.3;0;0;0;2016-05
891904.0;8023.842274186153;0.5;4.9;1.2646;320997;100.59;308817.0;42012.0;-15.7;0;0;0;2016-06
869815.0;8053.728896952082;0.6;4.8;1.1884;347639;99.25;343256.0;38983.0;-29.9;0;0;0;2016-07
843218.0;8053.728896952082;0.6;4.8;1.1687;349617;99.21;334805.0;40786.0;-24.8;0;0;0;2016-08
880683.0;8053.728896952082;1.0;4.8;1.1722;324720;99.93;310139.0;40367.0;-13.1;0;0;0;2016-09
783698.0;8105.063208226895;0.9;4.7;1.119;314242;100.71;275968.0;40448.0;-17.2;0;0;0;2016-10
363732.0;8105.063208226895;1.2;4.7;1.1533;163542;100.95;125426.0;46514.0;-21.8;0;0;0;2016-11
280085.0;8105.063208226895;1.6;4.7;1.1838;166543;101.5;141050.0;45555.0;-19.3;0;0;0;2016-12
270723.0;8124.839113146235;1.8;4.6;1.1613;158569;100.5;114524.0;57368.0;-21.9;0;0;0;2017-01
315178.0;8124.839113146235;2.3;4.6;1.1732;161195;100.16;140577.0;47766.0;-19.4;0;0;0;2017-02
442388.0;8124.839113146235;2.3;4.6;1.1548;204898;101.29;191210.0;48664.0;-20.3;0;0;0;2017-03
652138.0;8177.140590125408;2.7;4.4;1.1798;296320;102.21;276006.0;39101.0;-20.7;0;0;0;2017-04
802027.0;8177.140590125408;2.9;4.4;1.1696;341336;102.16;324443.0;44279.0;-22.1;0;0;0;2017-05
873205.0;8177.140590125408;2.6;4.4;1.1403;350267;102.22;332137.0;42175.0;-24.5;0;0;0;2017-06
802906.0;8229.108936677963;2.6;4.3;1.1281;376317;100.98;365811.0;38425.0;-24.0;0;0;0;2017-07
792917.0;8229.108936677963;2.9;4.3;1.0974;380986;101.15;362745.0;41074.0;-27.9;0;0;0;2017-08
862681.0;8229.108936677963;3.0;4.3;1.1186;350627;101.77;330985.0;40095.0;-26.4;0;0;0;2017-09
712494.0;8288.542433245206;3.0;4.4;1.1227;333977;102.4;264619.0;43597.0;-25.0;0;0;0;2017-10
305215.0;8288.542433245206;3.1;4.4;1.1259;148470;102.73;127354.0;45580.0;-25.5;0;0;0;2017-11
253160.0;8288.542433245206;3.0;4.4;1.133;146819;102.74;133003.0;45129.0;-23.4;0;0;0;2017-12
267786.0;8243.893334296672;3.0;4.2;1.1331;133972;101.22;111942.0;64154.0;-22.9;0;0;0;2018-01
325759.0;8243.893334296672;2.7;4.2;1.1311;139272;101.37;130424.0;49177.0;-23.2;0;0;0;2018-02
431971.0;8243.893334296672;2.5;4.2;1.1328;188943;102.59;182454.0;51229.0;-22.2;0;0;0;2018-03
609470.0;8257.62091408823;2.4;4.0;1.1477;280381;103.36;258724.0;46469.0;-23.3;0;0;0;2018-04
805036.0;8257.62091408823;2.4;4.0;1.1397;313474;104.32;312346.0;42784.0;-20.9;0;0;0;2018-05
831101.0;8257.62091408823;2.4;4.0;1.1378;309351;104.56;318049.0;39767.0;-24.8;0;0;0;2018-06
764636.0;8285.09112584217;2.5;4.1;1.1269;326380;103.31;340333.0;40723.0;-20.1;0;0;0;2018-07
705519.0;8285.09112584217;2.7;4.1;1.1157;341653;103.41;333122.0;40192.0;-24.4;0;0;0;2018-08
822292.0;8285.09112584217;2.4;4.1;1.1195;324422;104.06;312021.0;37137.0;-27.4;0;0;0;2018-09
691926.0;8295.672801931494;2.4;4.0;1.133;306076;104.77;267967.0;44440.0;-25.4;0;0;0;2018-10
312049.0;8295.672801931494;2.3;4.0;1.1352;164640;104.52;135275.0;43978.0;-27.4;0;0;0;2018-11
247288.0;8295.672801931494;2.1;4.0;1.1128;166274;104.0;147645.0;41539.0;-31.3;0;0;0;2018-12
261980.0;8310.89213854556;1.8;3.8;1.1298;146659;102.26;115259.0;3681023.0;1581704.0;2981446;1581704;2981446;2019-01
303029.0;8310.89213854556;1.9;3.8;1.1473;151557;102.47;140058.0;3025253.0;1737175.0;2670078;1737175;2670078;2019-02
417792.0;8310.89213854556;1.9;3.8;1.1653;187390;103.9;183719.0;3150955.0;2022997.0;2896715;2022997;2896715;2019-03
600657.0;8337.70480022995;2.1;3.9;1.1603;300030;105.06;280964.0;3293888.0;2226281.0;3111495;2226281;3111495;2019-04
810024.0;8337.70480022995;2.0;3.9;1.1479;328378;105.31;319494.0;3909521.0;2886671.0;3672768;2886671;3672768;2019-05
826624.0;8337.70480022995;2.0;3.9;1.1225;336129;105.18;324760.0;3636989.0;2788727.0;3328660;2788727;3328660;2019-06
779715.0;8398.411301140175;2.1;3.8;1.1118;355717;103.98;344184.0;3969761.0;3182324.0;3484528;3182324;3484528;2019-07
725183.0;8398.411301140175;1.7;3.8;1.0925;360532;103.87;341682.0;3879452.0;2922519.0;3234702;2922519;3234702;2019-08
844469.0;8398.411301140175;1.7;3.8;1.1223;331552;104.28;313370.0;3324073.0;2094211.0;2372271;2094211;2372271;2019-09
766846.0;8396.52498323273;1.5;3.8;1.144;302420;104.97;270957.0;2584431.0;1432812.0;1858724;1432812;1858724;2019-10
327699.0;8396.52498323273;1.5;3.8;1.166;171159;105.01;138340.0;2251897.0;1160042.0;1725313;1160042;1725313;2019-11
259445.0;8396.52498323273;1.3;3.8;1.1791;169791;104.88;152490.0;2301601.0;1185462.0;1866178;1185462;1866178;2019-12
301197.0;8133.405882440631;1.8;4.0;1.1779;146691;103.42;119614.0;4975132.0;2211271.0;4018639;2211271;4018639;2020-01
347788.0;8133.405882440631;1.7;4.0;1.1882;154567;103.36;143103.0;4266707.0;2427938.0;3743642;2427938;3743642;2020-02
133622.0;8133.405882440631;1.5;4.0;1.1193;137070;103.98;77589.0;2618057.0;1775749.0;2401732;1775749;2401732;2020-03
0.0;6480.493731458982;0.8;4.1;1.1419;4405;104.35;7.0;852579.0;421481.0;742666;421481;742666;2020-04
0.0;6480.493731458982;0.5;4.1;1.1275;41385;104.41;4.0;743713.0;433812.0;621895;433812;621895;2020-05
0.0;6480.493731458982;0.6;4.1;1.1123;28994;104.87;3171.0;1162077.0;789096.0;954630;789096;954630;2020-06
99907.0;7567.612289620011;1.0;4.9;1.1059;117353;103.23;75681.0;1655733.0;1251796.0;1362970;1251796;1362970;2020-07
88800.0;7567.612289620011;0.2;4.9;1.11;197375;103.23;46664.0;1109960.0;643503.0;780790;643503;780790;2020-08
59774.0;7567.612289620011;0.5;4.9;1.0993;143416;103.69;32694.0;959679.0;545509.0;679295;545509;679295;2020-09
32743.0;7670.294122031573;0.7;5.2;1.1032;90156;104.01;24572.0;714116.0;400407.0;524047;400407;524047;2020-10
9319.0;7670.294122031573;0.3;5.2;1.1164;28368;104.12;8174.0;881733.0;402249.0;665282;402249;665282;2020-11
11420.0;7670.294122031573;0.6;5.2;1.1039;33766;104.28;11987.0;911554.0;420244.0;738734;420244;738734;2020-12
7123.0;7597.92797752524;0.7;4.9;1.1205;23458;103.87;3291.0;616876.0;228885.0;441189;228885;441189;2021-01
5146.0;7597.92797752524;0.4;4.9;1.1467;5755;103.27;722.0;611253.0;225582.0;455674;225582;455674;2021-02
6718.0;7597.92797752524;0.7;4.9;1.1648;5794;105.22;1815.0;678202.0;295343.0;578920;295343;578920;2021-03
8161.0;8154.694500516961;1.5;4.7;1.1555;8635;106.39;3025.0;500377.0;311662.0;460030;311662;460030;2021-04
15557.0;8154.694500516961;2.1;4.7;1.1596;29626;106.95;8231.0;931109.0;702100.0;868512;702100;868512;2021-05
49336.0;8154.694500516961;2.5;4.7;1.1639;71686;107.46;28602.0;1103948.0;917724.0;1023886;917724;1023886;2021-06
133512.0;8294.59480830659;2.0;4.3;1.1677;130690;106.18;68810.0;1631069.0;1419089.0;1492465;1419089;1492465;2021-07
263448.0;8294.59480830659;3.2;4.3;1.173;218996;106.65;118684.0;2391429.0;1920954.0;2075468;1920954;2075468;2021-08
364367.0;8294.59480830659;3.1;4.3;1.1667;229906;107.87;136765.0;2386100.0;1834619.0;1973890;1834619;1973890;2021-09
415756.0;8420.679643662264;4.2;4.0;1.1806;225451;109.6;165128.0;2293464.0;1650630.0;1905136;1650630;1905136;2021-10
189283.0;8420.679643662264;5.1;4.0;1.1789;119001;109.87;83969.0;1834373.0;1254617.0;1558616;1254617;1558616;2021-11
97483.0;8420.679643662264;5.4;4.0;1.1772;121947;111.13;64683.0;1322039.0;931571.0;1163157;931571;1163157;2021-12
88139.0;8393.595438676803;5.5;3.7;1.1977;88633;110.26;46540.0;2876480.0;1669968.0;2467547;1669968;2467547;2022-01
174676.0;8393.595438676803;6.2;3.7;1.1933;108887;111.15;89621.0;3053419.0;2064305.0;2796251;2064305;2796251;2022-02
302921.0;8393.595438676803;7.0;3.7;1.1953;160066;115.51;138493.0;3428961.0;2472261.0;3240860;2472261;3240860;2022-03
551314.0;8401.081108205737;9.0;3.8;1.1956;264724;115.21;229114.0;3534303.0;2699637.0;3430856;2699637;3430856;2022-04
742004.0;8401.081108205737;9.1;3.8;1.1759;306896;116.03;275020.0;4990564.0;4055347.0;4813226;4055347;4813226;2022-05
770561.0;8401.081108205737;9.4;3.8;1.165;304377;118.22;275531.0;4367503.0;3651611.0;4142340;3651611;4142340;2022-06
690547.0;8393.89131494277;10.1;3.6;1.1777;312885;117.54;294953.0;4035708.0;3472841.0;3702363;3472841;3702363;2022-07
699541.0;8393.89131494277;9.9;3.6;1.1834;314241;117.84;284506.0;3983659.0;3100401.0;3401886;3100401;3401886;2022-08
719000.0;8393.89131494277;10.1;3.6;1.1447;293061;117.55;263842.0;3211043.0;2323012.0;2562639;2323012;2562639;2022-09
657959.0;8405.11981923617;11.1;3.7;1.1493;294538;117.61;235074.0;3284889.0;2018989.0;2461659;2018989;2461659;2022-10
229849.0;8405.11981923617;10.7;3.7;1.1505;143580;117.22;113655.0;2793238.0;1600413.0;2238692;1600413;2238692;2022-11
188970.0;8405.11981923617;10.5;3.7;1.1512;152372;117.22;132075.0;2486270.0;1450204.0;2066543;1450204;2066543;2022-12
188184.0;8401.190283961154;10.1;3.9;1.1352;129849;116.72;100951.0;4405741.0;2309968.0;3664214;2309968;3664214;2023-01
239993.0;8401.190283961154;10.4;3.9;1.1289;131743;117.82;118564.0;3448650.0;2110396.0;3062249;2110396;3062249;2023-02
345307.0;8401.190283961154;10.1;3.9;1.133;180834;119.06;174508.0;3699823.0;2542976.0;3447298;2542976;3447298;2023-03
557700.0;8416.96168647292;8.7;4.2;1.1347;277382;119.61;254659.0;3278329.0;2375027.0;3177875;2375027;3177875;2023-04
759443.0;8416.96168647292;8.7;4.2;1.1495;294145;119.44;281231.0;2430888.0;1910028.0;2379614;1910028;2379614;2023-05
737404.0;8416.96168647292;7.9;4.2;1.165;301944;120.13;285646.0;1657232.0;1425899.0;1657232;1425899;1657232;2023-06
697857.0;8414.559127024866;6.8;4.2;1.1651;322393;120.03;311420.0;1901092.0;1741708.0;1928832;1741708;1928832;2023-07
719442.0;8414.559127024866;6.7;4.2;1.1643;319514;120.68;303526.0;1761828.0;1641263.0;1832511;1641263;1832511;2023-08
778553.0;8414.559127024866;6.7;4.2;1.1605;308305;121.38;285342.0;1311398.0;1311398.0;1452536;1311398;1452536;2023-09
351298.0;8414.559127024866;4.6;4.2;1.1523;297608;121.69;258125.0;1066004.0;1157720.0;1353003;1157720;1353003;2023-10
303187.0;8414.559127024866;3.9;4.2;1.1492;172571;121.05;137488.0;924949.0;1291356.0;1710880;1291356;1710880;2023-11
0.0;8414.559127024866;4.0;4.2;1.1492;180387;121.06;154967.0;439866.0;1343901.0;1826940;1343901;1826940;2023-12
0.0;8414.559127024866;4.0;4.2;1.1492;152181;121.06;154967.0;439866.0;1343901.0;0;0;0;2024-01
0.0;8414.559127024866;4.0;4.2;1.1492;166246;121.06;154967.0;439866.0;1343901.0;0;0;0;2024-02
0.0;8414.559127024866;4.0;4.2;1.1492;201645;121.06;154967.0;439866.0;1343901.0;0;0;0;2024-03
0.0;8414.559127024866;4.0;4.2;1.1492;282397;121.06;154967.0;439866.0;1343901.0;0;0;0;2024-04
0.0;8414.559127024866;4.0;4.2;1.1492;305337;121.06;154967.0;439866.0;1343901.0;0;0;0;2024-05
0.0;8414.559127024866;4.0;4.2;1.1492;320807;121.06;154967.0;439866.0;1343901.0;0;0;0;2024-06
0.0;8414.559127024866;4.0;4.2;1.1492;-1;121.06;154967.0;439866.0;1343901.0;0;0;0;2024-07
0.0;8414.559127024866;4.0;4.2;1.1492;-1;121.06;154967.0;439866.0;1343901.0;0;0;0;2024-08
0.0;8414.559127024866;4.0;4.2;1.1492;-1;121.06;154967.0;439866.0;1343901.0;0;0;0;2024-09
0.0;8414.559127024866;4.0;4.2;1.1492;-1;121.06;154967.0;439866.0;1343901.0;0;0;0;2024-10
0.0;8414.559127024866;4.0;4.2;1.1492;-1;121.06;154967.0;439866.0;1343901.0;0;0;0;2024-11
0.0;8414.559127024866;4.0;4.2;1.1492;-1;121.06;154967.0;439866.0;1343901.0;0;0;0;2024-12
